{
  "placeholderImages": [
    {
      "id": "hero-background",
      "description": "A beautiful farm landscape at sunrise.",
      "imageUrl": "https://images.unsplash.com/photo-1561682709-ce152c5b789a?crop=entropy&cs=tinysrgb&fit=max&fm=jpg&ixid=M3w3NDE5ODJ8MHwxfHNlYXJjaHw1fHxmYXJtJTIwbGFuZHNjYXBlfGVufDB8fHx8MTc2NDAxNDQ5Nnww&ixlib=rb-4.1.0&q=80&w=1080",
      "imageHint": "farm landscape"
    },
    {
      "id": "crop-wheat",
      "description": "A field of wheat.",
      "imageUrl": "https://images.unsplash.com/photo-1529159942819-334f07de4fe5?crop=entropy&cs=tinysrgb&fit=max&fm=jpg&ixid=M3w3NDE5ODJ8MHwxfHNlYXJjaHw3fHx3aGVhdCUyMGZpZWxkfGVufDB8fHx8MTc2NDAyMDg5MHww&ixlib=rb-4.1.0&q=80&w=1080",
      "imageHint": "wheat field"
    },
    {
      "id": "crop-corn",
      "description": "A corn cob.",
      "imageUrl": "https://images.unsplash.com/photo-1536510986879-cdc0659c3ea3?crop=entropy&cs=tinysrgb&fit=max&fm=jpg&ixid=M3w3NDE5ODJ8MHwxfHNlYXJjaHw2fHxjb3JuJTIwY29ifGVufDB8fHx8MTc2NDA4MzM0OHww&ixlib-rb-4.1.0&q=80&w=1080",
      "imageHint": "corn cob"
    },
    {
      "id": "crop-tomato",
      "description": "Ripe tomatoes on a vine.",
      "imageUrl": "https://images.unsplash.com/photo-1518977822534-7049a61ee0c2?crop=entropy&cs=tinysrgb&fit=max&fm=jpg&ixid=M3w3NDE5ODJ8MHwxfHNlYXJjaHw1fHx0b21hdG9lcyUyMHZpbmV8ZW58MHx8fHwxNzYzOTg5NzUwfDA&ixlib-rb-4.1.0&q=80&w=1080",
      "imageHint": "tomatoes vine"
    },
    {
      "id": "plant-scan-placeholder",
      "description": "Placeholder for plant scanning.",
      "imageUrl": "https://images.unsplash.com/photo-1675536275862-d688dcd67c2d?crop=entropy&cs=tinysrgb&fit=max&fm=jpg&ixid=M3w3NDE5ODJ8MHwxfHNlYXJjaHwyfHxsZWFmJTIwcGxhbnR8ZW58MHx8fHwxNzY0MDIwOTM1fDA&ixlib-rb-4.1.0&q=80&w=1080",
      "imageHint": "leaf plant"
    }
  ]
}